{
  "project_info": {
    "project_number": "626587500215",
    "project_id": "greta-bank",
    "storage_bucket": "greta-bank.appspot.com"
  },
  "client": [
    {
      "client_info": {
        "mobilesdk_app_id": "1:626587500215:android:763b905d9b33c979c01732",
        "android_client_info": {
          "package_name": "com.cauataryck.gretabank"
        }
      },
      "oauth_client": [],
      "api_key": [
        {
          "current_key": "AIzaSyCrL_v1S6znh5USNZwpbjtlKH2xPbM-oPM"
        }
      ],
      "services": {
        "appinvite_service": {
          "other_platform_oauth_client": []
        }
      }
    }
  ],
  "configuration_version": "1"
}